Workbook

Sheet 新生名单
A1: 姓名 | B1: 性别 | C1: 考区 | D1: 毕业中学 | E1: 系别 | F1: 班级
A2: 于涛 | B2: 男 | C2: 北京 | D2: 清华大学附属中学 | E2: 建筑学院 | F2: 建01
A3: 马尧 | B3: 男 | C3: 山西 | D3: 长治市二中(应) | E3: 建筑学院 | F3: 建01
A4: 孙雪琪 | B4: 女 | C4: 内蒙古 | D4: 内蒙师大附中 | E4: 建筑学院 | F4: 建01
A5: 孙英博 | B5: 男 | C5: 辽宁 | D5: 凤城市第一中学 | E5: 建筑学院 | F5: 建01
A6: 李同 | B6: 女 | C6: 辽宁 | D6: 营口开发区第一高中 | E6: 建筑学院 | F6: 建01
A7: 张昫晨 | B7: 男 | C7: 上海 | D7: 非本市应届高中毕业生 | E7: 建筑学院 | F7: 建01
A8: 李乐 | B8: 男 | C8: 浙江 | D8: 宁波市镇海中学 | E8: 建筑学院 | F8: 建01
A9: 徐怡 | B9: 女 | C9: 浙江 | D9: 台州市第一中学 | E9: 建筑学院 | F9: 建01
A10: 汪民权 | B10: 男 | C10: 安徽 | D10: 合肥八中 | E10: 建筑学院 | F10: 建01
A11: 叶晶 | B11: 女 | C11: 安徽 | D11: 石台中学 | E11: 建筑学院 | F11: 建01
A12: 石圣松 | B12: 男 | C12: 福建 | D12: 将乐一中 | E12: 建筑学院 | F12: 建01
... A3356: 夏川 | B3356: 女 | C3356: 山东 | D3356: 昌邑市第一中学 | E3356: 医学院 | F3356: 生06
A3357: 张天璐 | B3357: 女 | C3357: 港大自费 | E3357: 建筑学院 | F3357: 建01
A3358: 祝沈含 | B3358: 女 | C3358: 港大自费 | E3358: 建筑学院 | F3358: 建02
A3359: 李泰伯 | B3359: 男 | C3359: 港大自费 | E3359: 电子系 | F3359: 无02
A3360: 梁天雨 | B3360: 男 | C3360: 港大自费 | E3360: 电子系 | F3360: 无03
A3361: 赵云韬 | B3361: 男 | C3361: 港大自费 | E3361: 电子系 | F3361: 无04
A3362: 吕润东 | B3362: 男 | C3362: 港大自费 | E3362: 电子系 | F3362: 无05
A3363: 劳逸星 | B3363: 男 | C3363: 港大自费 | E3363: 电子系 | F3363: 无06
A3364: 杨乃天 | B3364: 男 | C3364: 港大自费 | E3364: 电子系 | F3364: 无07
A3365: 李一鸣 | B3365: 女 | C3365: 港大自费 | E3365: 物理系 | F3365: 基科0
A3366: 潘文琦 | B3366: 男 | C3366: 港大自费 | E3366: 物理系 | F3366: 基科0
A3367: 唐晓阳 | B3367: 男 | C3367: 港大自费 | E3367: 经管学院 | F3367: 经03
A3368: 李佳忆 | B3368: 女 | C3368: 港大自费 | E3368: 经管学院 | F3368: 经03
... A3391: 曹一萌 | B3391: 女 | C3391: 港大自费 | E3391: 经管学院 | F3391: 经02

Sheet 男女比例
A1: 系别 | B1: 男 | C1: 女 | D1: 总 | E1: 性别比
A2: 外语系 | B2: =COUNTIFS(新生名单!$E$1:$E$3398, $A2, 新生名单!$B$1:$B$3398, B$1) -> 8 | C2: =COUNTIFS(新生名单!$E$1:$E$3398, $A2, 新生名单!$B$1:$B$3398, C$1) -> 51 | D2: =B2+C2 -> 59 | E2: =ROUND(B2/C2*100,2) -> 15.69
A3: 人文学院 | B3: =COUNTIFS(新生名单!$E$1:$E$3398, $A3, 新生名单!$B$1:$B$3398, B$1) -> 19 | C3: =COUNTIFS(新生名单!$E$1:$E$3398, $A3, 新生名单!$B$1:$B$3398, C$1) -> 83 | D3: =B3+C3 -> 102 | E3: =ROUND(B3/C3*100,2) -> 22.89
A4: 美术学院 | B4: =COUNTIFS(新生名单!$E$1:$E$3398, $A4, 新生名单!$B$1:$B$3398, B$1) -> 90 | C4: =COUNTIFS(新生名单!$E$1:$E$3398, $A4, 新生名单!$B$1:$B$3398, C$1) -> 150 | D4: =B4+C4 -> 240 | E4: =ROUND(B4/C4*100,2) -> 60
A5: 法学院 | B5: =COUNTIFS(新生名单!$E$1:$E$3398, $A5, 新生名单!$B$1:$B$3398, B$1) -> 28 | C5: =COUNTIFS(新生名单!$E$1:$E$3398, $A5, 新生名单!$B$1:$B$3398, C$1) -> 46 | D5: =B5+C5 -> 74 | E5: =ROUND(B5/C5*100,2) -> 60.87
A6: 新闻学院 | B6: =COUNTIFS(新生名单!$E$1:$E$3398, $A6, 新生名单!$B$1:$B$3398, B$1) -> 19 | C6: =COUNTIFS(新生名单!$E$1:$E$3398, $A6, 新生名单!$B$1:$B$3398, C$1) -> 28 | D6: =B6+C6 -> 47 | E6: =ROUND(B6/C6*100,2) -> 67.86
A7: 医学院 | B7: =COUNTIFS(新生名单!$E$1:$E$3398, $A7, 新生名单!$B$1:$B$3398, B$1) -> 31 | C7: =COUNTIFS(新生名单!$E$1:$E$3398, $A7, 新生名单!$B$1:$B$3398, C$1) -> 40 | D7: =B7+C7 -> 71 | E7: =ROUND(B7/C7*100,2) -> 77.5
A8: 建环系 | B8: =COUNTIFS(新生名单!$E$1:$E$3398, $A8, 新生名单!$B$1:$B$3398, B$1) -> 14 | C8: =COUNTIFS(新生名单!$E$1:$E$3398, $A8, 新生名单!$B$1:$B$3398, C$1) -> 18 | D8: =B8+C8 -> 32 | E8: =ROUND(B8/C8*100,2) -> 77.78
A9: 经管学院 | B9: =COUNTIFS(新生名单!$E$1:$E$3398, $A9, 新生名单!$B$1:$B$3398, B$1) -> 117 | C9: =COUNTIFS(新生名单!$E$1:$E$3398, $A9, 新生名单!$B$1:$B$3398, C$1) -> 140 | D9: =B9+C9 -> 257 | E9: =ROUND(B9/C9*100,2) -> 83.57
A10: 环境系 | B10: =COUNTIFS(新生名单!$E$1:$E$3398, $A10, 新生名单!$B$1:$B$3398, B$1) -> 41 | C10: =COUNTIFS(新生名单!$E$1:$E$3398, $A10, 新生名单!$B$1:$B$3398, C$1) -> 46 | D10: =B10+C10 -> 87 | E10: =ROUND(B10/C10*100,2) -> 89.13
A11: 生物系 | B11: =COUNTIFS(新生名单!$E$1:$E$3398, $A11, 新生名单!$B$1:$B$3398, B$1) -> 73 | C11: =COUNTIFS(新生名单!$E$1:$E$3398, $A11, 新生名单!$B$1:$B$3398, C$1) -> 68 | D11: =B11+C11 -> 141 | E11: =ROUND(B11/C11*100,2) -> 107.35
A12: 建筑学院 | B12: =COUNTIFS(新生名单!$E$1:$E$3398, $A12, 新生名单!$B$1:$B$3398, B$1) -> 50 | C12: =COUNTIFS(新生名单!$E$1:$E$3398, $A12, 新生名单!$B$1:$B$3398, C$1) -> 44 | D12: =B12+C12 -> 94 | E12: =ROUND(B12/C12*100,2) -> 113.64
A13: 工业系 | B13: =COUNTIFS(新生名单!$E$1:$E$3398, $A13, 新生名单!$B$1:$B$3398, B$1) -> 31 | C13: =COUNTIFS(新生名单!$E$1:$E$3398, $A13, 新生名单!$B$1:$B$3398, C$1) -> 26 | D13: =B13+C13 -> 57 | E13: =ROUND(B13/C13*100,2) -> 119.23
... A32: 物理系 | B32: =COUNTIFS(新生名单!$E$1:$E$3398, $A32, 新生名单!$B$1:$B$3398, B$1) -> 105 | C32: =COUNTIFS(新生名单!$E$1:$E$3398, $A32, 新生名单!$B$1:$B$3398, C$1) -> 9 | D32: =B32+C32 -> 114 | E32: =ROUND(B32/C32*100,2) -> 1166.67
A33: 总计 | B33: =SUM(B2:B32) -> 2231 | C33: =SUM(C2:C32) -> 1159 | D33: =SUM(D2:D32) -> 3390 | E33: =ROUND(B33/C33*100,2) -> 192.49
